Season,Player,age,team_id,lg_id,pos,g,gs,mp_per_g,fg_per_g,fga_per_g,fg_pct,fg3_per_g,fg3a_per_g,fg3_pct,fg2_per_g,fg2a_per_g,fg2_pct,efg_pct,ft_per_g,fta_per_g,ft_pct,orb_per_g,drb_per_g,trb_per_g,ast_per_g,stl_per_g,blk_per_g,tov_per_g,pf_per_g,pts_per_g
2003-04,LeBron James,19,CLE,NBA,SG,79,79,39.5,7.9,18.9,.417,0.8,2.7,.290,7.1,16.1,.438,.438,4.4,5.8,.754,1.3,4.2,5.5,5.9,1.6,0.7,3.5,1.9,20.9
2004-05,LeBron James,20,CLE,NBA,SF,80,80,42.4,9.9,21.1,.472,1.4,3.9,.351,8.6,17.2,.499,.504,6.0,8.0,.750,1.4,6.0,7.4,7.2,2.2,0.7,3.3,1.8,27.2
2005-06,LeBron James,21,CLE,NBA,SF,79,79,42.5,11.1,23.1,.480,1.6,4.8,.335,9.5,18.3,.518,.515,7.6,10.3,.738,0.9,6.1,7.0,6.6,1.6,0.8,3.3,2.3,31.4
2006-07,LeBron James,22,CLE,NBA,SF,78,78,40.9,9.9,20.8,.476,1.3,4.0,.319,8.6,16.8,.513,.507,6.3,9.0,.698,1.1,5.7,6.7,6.0,1.6,0.7,3.2,2.2,27.3
2007-08,LeBron James,23,CLE,NBA,SF,75,74,40.4,10.6,21.9,.484,1.5,4.8,.315,9.1,17.1,.531,.518,7.3,10.3,.712,1.8,6.1,7.9,7.2,1.8,1.1,3.4,2.2,30.0
2008-09,LeBron James,24,CLE,NBA,SF,81,81,37.7,9.7,19.9,.489,1.6,4.7,.344,8.1,15.2,.535,.530,7.3,9.4,.780,1.3,6.3,7.6,7.2,1.7,1.1,3.0,1.7,28.4
2009-10,LeBron James,25,CLE,NBA,SF,76,76,39.0,10.1,20.1,.503,1.7,5.1,.333,8.4,15.0,.560,.545,7.8,10.2,.767,0.9,6.4,7.3,8.6,1.6,1.0,3.4,1.6,29.7
2010-11,LeBron James,26,MIA,NBA,SF,79,79,38.8,9.6,18.8,.510,1.2,3.5,.330,8.4,15.3,.552,.541,6.4,8.4,.759,1.0,6.5,7.5,7.0,1.6,0.6,3.6,2.1,26.7
2011-12,LeBron James,27,MIA,NBA,SF,62,62,37.5,10.0,18.9,.531,0.9,2.4,.362,9.1,16.5,.556,.554,6.2,8.1,.771,1.5,6.4,7.9,6.2,1.9,0.8,3.4,1.5,27.1
2012-13,LeBron James,28,MIA,NBA,PF,76,76,37.9,10.1,17.8,.565,1.4,3.3,.406,8.7,14.5,.602,.603,5.3,7.0,.753,1.3,6.8,8.0,7.3,1.7,0.9,3.0,1.4,26.8
2013-14,LeBron James,29,MIA,NBA,PF,77,77,37.7,10.0,17.6,.567,1.5,4.0,.379,8.5,13.6,.622,.610,5.7,7.6,.750,1.1,5.9,6.9,6.3,1.6,0.3,3.5,1.6,27.1
2014-15,LeBron James,30,CLE,NBA,SF,69,69,36.1,9.0,18.5,.488,1.7,4.9,.354,7.3,13.6,.536,.535,5.4,7.7,.710,0.7,5.3,6.0,7.4,1.6,0.7,3.9,2.0,25.3
2015-16,LeBron James,31,CLE,NBA,SF,76,76,35.6,9.7,18.6,.520,1.1,3.7,.309,8.6,14.9,.573,.551,4.7,6.5,.731,1.5,6.0,7.4,6.8,1.4,0.6,3.3,1.9,25.3
2016-17,LeBron James,32,CLE,NBA,SF,74,74,37.8,9.9,18.2,.548,1.7,4.6,.363,8.3,13.5,.611,.594,4.8,7.2,.674,1.3,7.3,8.6,8.7,1.2,0.6,4.1,1.8,26.4
2017-18,LeBron James,33,CLE,NBA,PF,82,82,36.9,10.5,19.3,.542,1.8,5.0,.367,8.6,14.3,.603,.590,4.7,6.5,.731,1.2,7.5,8.6,9.1,1.4,0.9,4.2,1.7,27.5
2018-19,LeBron James,34,LAL,NBA,SF,55,55,35.2,10.1,19.9,.510,2.0,5.9,.339,8.1,14.0,.582,.560,5.1,7.6,.665,1.0,7.4,8.5,8.3,1.3,0.6,3.6,1.7,27.4
2019-20,LeBron James,35,LAL,NBA,PG,67,67,34.6,9.6,19.4,.493,2.2,6.3,.348,7.4,13.1,.564,.550,3.9,5.7,.693,1.0,6.9,7.8,10.2,1.2,0.5,3.9,1.8,25.3
2020-21,LeBron James,36,LAL,NBA,PG,45,45,33.4,9.4,18.3,.513,2.3,6.3,.365,7.1,12.0,.591,.576,4.0,5.7,.698,0.6,7.0,7.7,7.8,1.1,0.6,3.7,1.6,25.0
2021-22,LeBron James,37,LAL,NBA,C,56,56,37.2,11.4,21.8,.524,2.9,8.0,.359,8.6,13.8,.620,.590,4.5,6.0,.756,1.1,7.1,8.2,6.2,1.3,1.1,3.5,2.2,30.3
2022-23,LeBron James,38,LAL,NBA,PF,55,54,35.5,11.1,22.2,.500,2.2,6.9,.321,8.9,15.3,.580,.549,4.6,5.9,.768,1.2,7.1,8.3,6.8,0.9,0.6,3.2,1.6,28.9
1996-97,Kobe Bryant,18,LAL,NBA,SF,71,6,15.5,2.5,5.9,.417,0.7,1.9,.375,1.8,4.0,.437,.477,1.9,2.3,.819,0.7,1.2,1.9,1.3,0.7,0.3,1.6,1.4,7.6
1997-98,Kobe Bryant,19,LAL,NBA,SF,79,1,26.0,4.9,11.6,.428,0.9,2.8,.341,4.0,8.8,.456,.469,4.6,5.8,.794,1.0,2.1,3.1,2.5,0.9,0.5,2.0,2.3,15.4
1998-99,Kobe Bryant,20,LAL,NBA,SG,50,50,37.9,7.2,15.6,.465,0.5,2.0,.267,6.7,13.6,.494,.482,4.9,5.8,.839,1.1,4.2,5.3,3.8,1.4,1.0,3.1,3.1,19.9
1999-00,Kobe Bryant,21,LAL,NBA,SG,66,62,38.2,8.4,17.9,.468,0.7,2.2,.319,7.7,15.7,.489,.488,5.0,6.1,.821,1.6,4.7,6.3,4.9,1.6,0.9,2.8,3.3,22.5
2000-01,Kobe Bryant,22,LAL,NBA,SG,68,68,40.9,10.3,22.2,.464,0.9,2.9,.305,9.4,19.3,.489,.484,7.0,8.2,.853,1.5,4.3,5.9,5.0,1.7,0.6,3.2,3.3,28.5
2001-02,Kobe Bryant,23,LAL,NBA,SG,80,80,38.3,9.4,20.0,.469,0.4,1.7,.250,9.0,18.3,.489,.479,6.1,7.4,.829,1.4,4.1,5.5,5.5,1.5,0.4,2.8,2.9,25.2
2002-03,Kobe Bryant,24,LAL,NBA,SG,82,82,41.5,10.6,23.5,.451,1.5,4.0,.383,9.1,19.5,.465,.483,7.3,8.7,.843,1.3,5.6,6.9,5.9,2.2,0.8,3.5,2.7,30.0
2003-04,Kobe Bryant,25,LAL,NBA,SG,65,64,37.6,7.9,18.1,.438,1.1,3.3,.327,6.8,14.8,.463,.468,7.0,8.2,.852,1.6,3.9,5.5,5.1,1.7,0.4,2.6,2.7,24.0
2004-05,Kobe Bryant,26,LAL,NBA,SG,66,66,40.7,8.7,20.1,.433,2.0,5.9,.339,6.7,14.2,.472,.482,8.2,10.1,.816,1.4,4.5,5.9,6.0,1.3,0.8,4.1,2.6,27.6
2005-06,Kobe Bryant,27,LAL,NBA,SG,80,80,41.0,12.2,27.2,.450,2.3,6.5,.347,10.0,20.7,.482,.491,8.7,10.2,.850,0.9,4.4,5.3,4.5,1.8,0.4,3.1,2.9,35.4
2006-07,Kobe Bryant,28,LAL,NBA,SG,77,77,40.8,10.6,22.8,.463,1.8,5.2,.344,8.8,17.6,.497,.502,8.7,10.0,.868,1.0,4.7,5.7,5.4,1.4,0.5,3.3,2.7,31.6
2007-08,Kobe Bryant,29,LAL,NBA,SG,82,82,38.9,9.5,20.6,.459,1.8,5.1,.361,7.6,15.5,.490,.503,7.6,9.0,.840,1.1,5.2,6.3,5.4,1.8,0.5,3.1,2.8,28.3
2008-09,Kobe Bryant,30,LAL,NBA,SG,82,82,36.1,9.8,20.9,.467,1.4,4.1,.351,8.3,16.8,.496,.502,5.9,6.9,.856,1.1,4.1,5.2,4.9,1.5,0.5,2.6,2.3,26.8
2009-10,Kobe Bryant,31,LAL,NBA,SG,73,73,38.8,9.8,21.5,.456,1.4,4.1,.329,8.5,17.4,.487,.488,6.0,7.4,.811,1.1,4.3,5.4,5.0,1.5,0.3,3.2,2.6,27.0
2010-11,Kobe Bryant,32,LAL,NBA,SG,82,82,33.9,9.0,20.0,.451,1.4,4.3,.323,7.6,15.6,.487,.487,5.9,7.1,.828,1.0,4.1,5.1,4.7,1.2,0.1,3.0,2.1,25.3
2011-12,Kobe Bryant,33,LAL,NBA,SG,58,58,38.5,9.9,23.0,.430,1.5,4.9,.303,8.4,18.1,.464,.462,6.6,7.8,.845,1.1,4.3,5.4,4.6,1.2,0.3,3.5,1.8,27.9
2012-13,Kobe Bryant,34,LAL,NBA,SG,78,78,38.6,9.5,20.4,.463,1.7,5.2,.324,7.8,15.2,.510,.504,6.7,8.0,.839,0.8,4.7,5.6,6.0,1.4,0.3,3.7,2.2,27.3
2013-14,Kobe Bryant,35,LAL,NBA,SG,6,6,29.5,5.2,12.2,.425,0.5,2.7,.188,4.7,9.5,.491,.445,3.0,3.5,.857,0.3,4.0,4.3,6.3,1.2,0.2,5.7,1.5,13.8
2014-15,Kobe Bryant,36,LAL,NBA,SG,35,35,34.5,7.6,20.4,.373,1.5,5.3,.293,6.1,15.1,.401,.411,5.6,6.9,.813,0.7,4.9,5.7,5.6,1.3,0.2,3.7,1.9,22.3
2015-16,Kobe Bryant,37,LAL,NBA,SF,66,66,28.2,6.0,16.9,.358,2.0,7.1,.285,4.0,9.8,.410,.417,3.5,4.3,.826,0.6,3.1,3.7,2.8,0.9,0.2,2.0,1.7,17.6
2007-08,Kevin Durant,19,SEA,NBA,SG,80,80,34.6,7.3,17.1,.430,0.7,2.6,.288,6.6,14.5,.455,.451,4.9,5.6,.873,0.9,3.5,4.4,2.4,1.0,0.9,2.9,1.5,20.3
2008-09,Kevin Durant,20,OKC,NBA,SF,74,74,39.0,8.9,18.8,.476,1.3,3.1,.422,7.6,15.7,.486,.510,6.1,7.1,.863,1.0,5.5,6.5,2.8,1.3,0.7,3.0,1.8,25.3
2009-10,Kevin Durant,21,OKC,NBA,SF,82,82,39.5,9.7,20.3,.476,1.6,4.3,.365,8.1,16.1,.506,.514,9.2,10.2,.900,1.3,6.3,7.6,2.8,1.4,1.0,3.3,2.1,30.1
2010-11,Kevin Durant,22,OKC,NBA,SF,78,78,38.9,9.1,19.7,.462,1.9,5.3,.350,7.3,14.4,.504,.509,7.6,8.7,.880,0.7,6.1,6.8,2.7,1.1,1.0,2.8,2.0,27.7
2011-12,Kevin Durant,23,OKC,NBA,SF,66,66,38.6,9.7,19.7,.496,2.0,5.2,.387,7.7,14.4,.535,.547,6.5,7.6,.860,0.6,7.4,8.0,3.5,1.3,1.2,3.8,2.0,28.0
2012-13,Kevin Durant,24,OKC,NBA,SF,81,81,38.5,9.0,17.7,.510,1.7,4.1,.416,7.3,13.6,.539,.559,8.4,9.3,.905,0.6,7.3,7.9,4.6,1.4,1.3,3.5,1.8,28.1
2013-14,Kevin Durant,25,OKC,NBA,SF,81,81,38.5,10.5,20.8,.503,2.4,6.1,.391,8.1,14.8,.549,.560,8.7,9.9,.873,0.7,6.7,7.4,5.5,1.3,0.7,3.5,2.1,32.0
2014-15,Kevin Durant,26,OKC,NBA,SF,27,27,33.8,8.8,17.3,.510,2.4,5.9,.403,6.4,11.4,.565,.578,5.4,6.3,.854,0.6,6.0,6.6,4.1,0.9,0.9,2.7,1.5,25.4
2015-16,Kevin Durant,27,OKC,NBA,SF,72,72,35.8,9.7,19.2,.505,2.6,6.7,.387,7.1,12.5,.569,.573,6.2,6.9,.898,0.6,7.6,8.2,5.0,1.0,1.2,3.5,1.9,28.2
2016-17,Kevin Durant,28,GSW,NBA,PF,62,62,33.4,8.9,16.5,.537,1.9,5.0,.375,7.0,11.5,.608,.594,5.4,6.2,.875,0.6,7.6,8.3,4.8,1.1,1.6,2.2,1.9,25.1
2017-18,Kevin Durant,29,GSW,NBA,SF,68,68,34.2,9.3,18.0,.516,2.5,6.1,.419,6.7,11.9,.565,.586,5.3,5.9,.889,0.5,6.4,6.8,5.4,0.7,1.8,3.0,2.0,26.4
2018-19,Kevin Durant,30,GSW,NBA,SF,78,78,34.6,9.2,17.7,.521,1.8,5.0,.353,7.5,12.8,.587,.571,5.7,6.5,.885,0.4,5.9,6.4,5.9,0.7,1.1,2.9,2.0,26.0
2020-21,Kevin Durant,32,BRK,NBA,PF,35,32,33.1,9.3,17.2,.537,2.4,5.4,.450,6.8,11.8,.577,.608,6.0,6.8,.882,0.4,6.7,7.1,5.6,0.7,1.3,3.4,2.0,26.9
2021-22,Kevin Durant,33,BRK,NBA,PF,55,55,37.2,10.5,20.3,.518,2.1,5.5,.383,8.4,14.8,.568,.570,6.8,7.4,.910,0.5,6.9,7.4,6.4,0.9,0.9,3.5,2.1,29.9
2022-23,Kevin Durant,34,TOT,NBA,PF,47,47,35.6,10.3,18.3,.560,2.0,4.9,.404,8.3,13.4,.617,.614,6.5,7.1,.919,0.4,6.3,6.7,5.0,0.7,1.4,3.3,2.1,29.1
2009-10,Stephen Curry,21,GSW,NBA,PG,80,77,36.2,6.6,14.3,.462,2.1,4.8,.437,4.5,9.5,.474,.535,2.2,2.5,.885,0.6,3.9,4.5,5.9,1.9,0.2,3.0,3.2,17.5
2010-11,Stephen Curry,22,GSW,NBA,PG,74,74,33.6,6.8,14.2,.480,2.0,4.6,.442,4.8,9.6,.498,.551,2.9,3.1,.934,0.7,3.2,3.9,5.8,1.5,0.3,3.1,3.1,18.6
2011-12,Stephen Curry,23,GSW,NBA,PG,26,23,28.2,5.6,11.4,.490,2.1,4.7,.455,3.5,6.7,.514,.583,1.5,1.8,.809,0.6,2.8,3.4,5.3,1.5,0.3,2.5,2.4,14.7
2012-13,Stephen Curry,24,GSW,NBA,PG,78,78,38.2,8.0,17.8,.451,3.5,7.7,.453,4.5,10.1,.449,.549,3.4,3.7,.900,0.8,3.3,4.0,6.9,1.6,0.2,3.1,2.5,22.9
2013-14,Stephen Curry,25,GSW,NBA,PG,78,78,36.5,8.4,17.7,.471,3.3,7.9,.424,5.0,9.8,.509,.566,3.9,4.5,.885,0.6,3.7,4.3,8.5,1.6,0.2,3.8,2.5,24.0
2014-15,Stephen Curry,26,GSW,NBA,PG,80,80,32.7,8.2,16.8,.487,3.6,8.1,.443,4.6,8.7,.528,.594,3.9,4.2,.914,0.7,3.6,4.3,7.7,2.0,0.2,3.1,2.0,23.8
2015-16,Stephen Curry,27,GSW,NBA,PG,79,79,34.2,10.2,20.2,.504,5.1,11.2,.454,5.1,9.0,.566,.630,4.6,5.1,.908,0.9,4.6,5.4,6.7,2.1,0.2,3.3,2.0,30.1
2016-17,Stephen Curry,28,GSW,NBA,PG,79,79,33.4,8.5,18.3,.468,4.1,10.0,.411,4.4,8.3,.537,.580,4.1,4.6,.898,0.8,3.7,4.5,6.6,1.8,0.2,3.0,2.3,25.3
2017-18,Stephen Curry,29,GSW,NBA,PG,51,51,32.0,8.4,16.9,.495,4.2,9.8,.423,4.2,7.1,.595,.618,5.5,5.9,.921,0.7,4.4,5.1,6.1,1.6,0.2,3.0,2.2,26.4
2018-19,Stephen Curry,30,GSW,NBA,PG,69,69,33.8,9.2,19.4,.472,5.1,11.7,.437,4.0,7.7,.525,.604,3.8,4.2,.916,0.7,4.7,5.3,5.2,1.3,0.4,2.8,2.4,27.3
2019-20,Stephen Curry,31,GSW,NBA,PG,5,5,27.8,6.6,16.4,.402,2.4,9.8,.245,4.2,6.6,.636,.476,5.2,5.2,1.000,0.8,4.4,5.2,6.6,1.0,0.4,3.2,2.2,20.8
2020-21,Stephen Curry,32,GSW,NBA,PG,63,63,34.2,10.4,21.7,.482,5.3,12.7,.421,5.1,9.0,.569,.605,5.7,6.3,.916,0.5,5.0,5.5,5.8,1.2,0.1,3.4,1.9,32.0
2021-22,Stephen Curry,33,GSW,NBA,PG,64,64,34.5,8.4,19.1,.437,4.5,11.7,.380,3.9,7.4,.527,.554,4.3,4.7,.923,0.5,4.7,5.2,6.3,1.3,0.4,3.2,2.0,25.5
2022-23,Stephen Curry,34,GSW,NBA,PG,56,56,34.7,10.0,20.2,.493,4.9,11.4,.427,5.1,8.8,.579,.614,4.6,5.0,.915,0.7,5.4,6.1,6.3,0.9,0.4,3.2,2.1,29.4
2009-10,James Harden,20,OKC,NBA,SG,76,0,22.9,3.1,7.6,.403,1.2,3.3,.375,1.8,4.3,.424,.484,2.6,3.2,.808,0.6,2.6,3.2,1.8,1.1,0.3,1.4,2.6,9.9
2010-11,James Harden,21,OKC,NBA,SG,82,5,26.7,3.6,8.3,.436,1.4,4.0,.349,2.3,4.4,.514,.518,3.5,4.2,.843,0.5,2.6,3.1,2.1,1.1,0.3,1.3,2.5,12.2
2011-12,James Harden,22,OKC,NBA,SG,62,2,31.4,5.0,10.1,.491,1.8,4.7,.390,3.1,5.4,.579,.582,5.0,6.0,.846,0.5,3.6,4.1,3.7,1.0,0.2,2.2,2.4,16.8
2012-13,James Harden,23,HOU,NBA,SG,78,78,38.3,7.5,17.1,.438,2.3,6.2,.368,5.2,10.9,.477,.504,8.6,10.2,.851,0.8,4.1,4.9,5.8,1.8,0.5,3.8,2.3,25.9
2013-14,James Harden,24,HOU,NBA,SG,73,73,38.0,7.5,16.5,.456,2.4,6.6,.366,5.1,9.9,.515,.529,7.9,9.1,.866,0.8,3.9,4.7,6.1,1.6,0.4,3.6,2.4,25.4
2014-15,James Harden,25,HOU,NBA,SG,81,81,36.8,8.0,18.1,.440,2.6,6.9,.375,5.4,11.3,.480,.511,8.8,10.2,.868,0.9,4.7,5.7,7.0,1.9,0.7,4.0,2.6,27.4
2015-16,James Harden,26,HOU,NBA,SG,82,82,38.1,8.7,19.7,.439,2.9,8.0,.359,5.8,11.7,.494,.512,8.8,10.2,.860,0.8,5.3,6.1,7.5,1.7,0.6,4.6,2.8,29.0
2016-17,James Harden,27,HOU,NBA,PG,81,81,36.4,8.3,18.9,.440,3.2,9.3,.347,5.1,9.6,.530,.525,9.2,10.9,.847,1.2,7.0,8.1,11.2,1.5,0.5,5.7,2.7,29.1
2017-18,James Harden,28,HOU,NBA,SG,72,72,35.4,9.0,20.1,.449,3.7,10.0,.367,5.4,10.1,.531,.541,8.7,10.1,.858,0.6,4.8,5.4,8.8,1.8,0.7,4.4,2.3,30.4
2018-19,James Harden,29,HOU,NBA,PG,78,78,36.8,10.8,24.5,.442,4.8,13.2,.368,6.0,11.3,.528,.541,9.7,11.0,.879,0.8,5.8,6.6,7.5,2.0,0.7,5.0,3.1,36.1
2019-20,James Harden,30,HOU,NBA,SG,68,68,36.5,9.9,22.3,.444,4.4,12.4,.355,5.5,9.9,.556,.543,10.2,11.8,.865,1.0,5.5,6.6,7.5,1.8,0.9,4.5,3.3,34.3
2020-21,James Harden,31,TOT,NBA,PG,44,43,36.6,7.8,16.7,.466,2.8,7.6,.362,5.0,9.1,.553,.548,6.3,7.3,.861,0.8,7.1,7.9,10.8,1.2,0.8,4.0,2.3,24.6
2021-22,James Harden,32,TOT,NBA,PG,65,65,37.2,6.3,15.3,.410,2.3,6.9,.330,4.0,8.4,.476,.485,7.2,8.2,.877,0.8,6.8,7.7,10.3,1.3,0.6,4.4,2.4,22.0
2022-23,James Harden,33,PHI,NBA,PG,58,58,36.8,6.4,14.5,.441,2.8,7.2,.385,3.6,7.3,.495,.536,5.4,6.2,.867,0.7,5.4,6.1,10.7,1.2,0.5,3.4,1.9,21.0
2008-09,Russell Westbrook,20,OKC,NBA,PG,82,65,32.5,5.3,13.4,.398,0.4,1.6,.271,4.9,11.8,.415,.414,4.3,5.2,.815,2.2,2.7,4.9,5.3,1.3,0.2,3.3,2.3,15.3
2009-10,Russell Westbrook,21,OKC,NBA,PG,82,82,34.3,5.9,14.1,.418,0.3,1.3,.221,5.6,12.9,.438,.428,4.0,5.1,.780,1.7,3.1,4.9,8.0,1.3,0.4,3.3,2.5,16.1
2010-11,Russell Westbrook,22,OKC,NBA,PG,82,82,34.7,7.5,17.0,.442,0.4,1.3,.330,7.1,15.7,.451,.454,6.5,7.7,.842,1.5,3.1,4.6,8.2,1.9,0.4,3.9,2.5,21.9
2011-12,Russell Westbrook,23,OKC,NBA,PG,66,66,35.3,8.8,19.2,.457,0.9,3.0,.316,7.8,16.2,.482,.481,5.2,6.3,.823,1.5,3.1,4.6,5.5,1.7,0.3,3.6,2.2,23.6
2012-13,Russell Westbrook,24,OKC,NBA,PG,82,82,34.9,8.2,18.7,.438,1.2,3.7,.323,7.0,15.1,.466,.470,5.6,7.0,.800,1.4,3.9,5.2,7.4,1.8,0.3,3.3,2.3,23.2
2013-14,Russell Westbrook,25,OKC,NBA,PG,46,46,30.7,7.5,17.2,.437,1.5,4.7,.318,6.0,12.5,.482,.480,5.3,6.4,.826,1.2,4.5,5.7,6.9,1.9,0.2,3.8,2.3,21.8
2014-15,Russell Westbrook,26,OKC,NBA,PG,67,67,34.4,9.4,22.0,.426,1.3,4.3,.299,8.1,17.7,.457,.455,8.1,9.8,.835,1.9,5.4,7.3,8.6,2.1,0.2,4.4,2.7,28.1
2015-16,Russell Westbrook,27,OKC,NBA,PG,80,80,34.4,8.2,18.1,.454,1.3,4.3,.296,6.9,13.8,.503,.489,5.8,7.2,.812,1.8,6.0,7.8,10.4,2.0,0.3,4.3,2.5,23.5
2016-17,Russell Westbrook,28,OKC,NBA,PG,81,81,34.6,10.2,24.0,.425,2.5,7.2,.343,7.7,16.8,.459,.476,8.8,10.4,.845,1.7,9.0,10.7,10.4,1.6,0.4,5.4,2.3,31.6
2017-18,Russell Westbrook,29,OKC,NBA,PG,80,80,36.4,9.5,21.1,.449,1.2,4.1,.298,8.3,17.0,.485,.477,5.2,7.1,.737,1.9,8.2,10.1,10.3,1.8,0.3,4.8,2.5,25.4
2018-19,Russell Westbrook,30,OKC,NBA,PG,73,73,36.0,8.6,20.2,.428,1.6,5.6,.290,7.0,14.5,.481,.468,4.1,6.2,.656,1.5,9.6,11.1,10.7,1.9,0.5,4.5,3.4,22.9
2019-20,Russell Westbrook,31,HOU,NBA,PG,57,57,35.9,10.6,22.5,.472,1.0,3.7,.258,9.6,18.7,.514,.493,5.1,6.7,.763,1.8,6.2,7.9,7.0,1.6,0.4,4.5,3.5,27.2
2020-21,Russell Westbrook,32,WAS,NBA,PG,65,65,36.4,8.4,19.0,.439,1.3,4.2,.315,7.0,14.8,.475,.474,4.2,6.4,.656,1.7,9.9,11.5,11.7,1.4,0.4,4.8,2.9,22.2
2021-22,Russell Westbrook,33,LAL,NBA,PG,78,78,34.3,7.0,15.8,.444,1.0,3.4,.298,6.0,12.4,.485,.476,3.4,5.1,.667,1.4,6.0,7.4,7.1,1.0,0.3,3.8,3.0,18.5
2022-23,Russell Westbrook,34,TOT,NBA,PG,73,24,29.1,5.9,13.6,.436,1.2,3.9,.311,4.7,9.7,.487,.481,2.8,4.3,.656,1.2,4.6,5.8,7.5,1.0,0.5,3.5,2.2,15.9
2013-14,Giannis Antetokounmpo,19,MIL,NBA,SF,77,23,24.6,2.2,5.4,.414,0.5,1.5,.347,1.7,3.9,.440,.463,1.8,2.6,.683,1.0,3.4,4.4,1.9,0.8,0.8,1.6,2.2,6.8
2014-15,Giannis Antetokounmpo,20,MIL,NBA,SG,81,71,31.4,4.7,9.6,.491,0.1,0.5,.159,4.6,9.1,.511,.496,3.2,4.3,.741,1.2,5.5,6.7,2.6,0.9,1.0,2.1,3.1,12.7
2015-16,Giannis Antetokounmpo,21,MIL,NBA,PG,80,79,35.3,6.4,12.7,.506,0.4,1.4,.257,6.1,11.3,.537,.520,3.7,5.1,.724,1.4,6.2,7.7,4.3,1.2,1.4,2.6,3.2,16.9
2016-17,Giannis Antetokounmpo,22,MIL,NBA,SF,80,80,35.6,8.2,15.7,.521,0.6,2.3,.272,7.6,13.5,.563,.541,5.9,7.7,.770,1.8,7.0,8.8,5.4,1.6,1.9,2.9,3.1,22.9
2017-18,Giannis Antetokounmpo,23,MIL,NBA,PF,75,75,36.7,9.9,18.7,.529,0.6,1.9,.307,9.3,16.8,.554,.545,6.5,8.5,.760,2.1,8.0,10.0,4.8,1.5,1.4,3.0,3.1,26.9
2018-19,Giannis Antetokounmpo,24,MIL,NBA,PF,72,72,32.8,10.0,17.3,.578,0.7,2.8,.256,9.3,14.5,.641,.599,6.9,9.5,.729,2.2,10.3,12.5,5.9,1.3,1.5,3.7,3.2,27.7
2019-20,Giannis Antetokounmpo,25,MIL,NBA,PF,63,63,30.4,10.9,19.7,.553,1.4,4.7,.304,9.5,15.0,.631,.589,6.3,10.0,.633,2.2,11.4,13.6,5.6,1.0,1.0,3.7,3.1,29.5
2020-21,Giannis Antetokounmpo,26,MIL,NBA,PF,61,61,33.0,10.3,18.0,.569,1.1,3.6,.303,9.2,14.4,.636,.600,6.5,9.5,.685,1.6,9.4,11.0,5.9,1.2,1.2,3.4,2.8,28.1
2021-22,Giannis Antetokounmpo,27,MIL,NBA,PF,67,67,32.9,10.3,18.6,.553,1.1,3.6,.293,9.2,15.0,.616,.582,8.3,11.4,.722,2.0,9.6,11.6,5.8,1.1,1.4,3.3,3.2,29.9
2022-23,Giannis Antetokounmpo,28,MIL,NBA,PF,63,63,32.1,11.2,20.3,.553,0.7,2.7,.275,10.5,17.6,.596,.572,7.9,12.3,.645,2.2,9.6,11.8,5.7,0.8,0.8,3.9,3.1,31.1
2012-13,Damian Lillard,22,POR,NBA,PG,82,82,38.6,6.7,15.7,.429,2.3,6.1,.368,4.5,9.6,.469,.501,3.3,3.9,.844,0.5,2.6,3.1,6.5,0.9,0.2,3.0,2.1,19.0
2013-14,Damian Lillard,23,POR,NBA,PG,82,82,35.8,6.7,15.9,.424,2.7,6.8,.394,4.1,9.1,.447,.508,4.5,5.2,.871,0.4,3.1,3.5,5.6,0.8,0.3,2.4,2.4,20.7
2014-15,Damian Lillard,24,POR,NBA,PG,82,82,35.7,7.2,16.6,.434,2.4,7.0,.343,4.8,9.6,.500,.506,4.2,4.9,.864,0.6,4.0,4.6,6.2,1.2,0.3,2.7,2.0,21.0
2015-16,Damian Lillard,25,POR,NBA,PG,75,75,35.7,8.2,19.7,.419,3.1,8.1,.375,5.2,11.5,.450,.497,5.5,6.2,.892,0.6,3.4,4.0,6.8,0.9,0.4,3.2,2.2,25.1
2016-17,Damian Lillard,26,POR,NBA,PG,75,75,35.9,8.8,19.8,.444,2.9,7.7,.370,6.0,12.1,.492,.516,6.5,7.3,.895,0.6,4.3,4.9,5.9,0.9,0.3,2.6,2.0,27.0
2017-18,Damian Lillard,27,POR,NBA,PG,73,73,36.6,8.5,19.4,.439,3.1,8.6,.361,5.4,10.8,.501,.519,6.8,7.4,.916,0.8,3.6,4.5,6.6,1.1,0.4,2.8,1.6,26.9
2018-19,Damian Lillard,28,POR,NBA,PG,80,80,35.5,8.5,19.2,.444,3.0,8.0,.369,5.6,11.1,.499,.522,5.9,6.4,.912,0.9,3.8,4.6,6.9,1.1,0.4,2.7,1.9,25.8
2019-20,Damian Lillard,29,POR,NBA,PG,66,66,37.5,9.5,20.4,.463,4.1,10.2,.401,5.4,10.2,.524,.563,7.0,7.8,.888,0.5,3.8,4.3,8.0,1.1,0.3,2.9,1.7,30.0
2020-21,Damian Lillard,30,POR,NBA,PG,67,67,35.8,9.0,19.9,.451,4.1,10.5,.391,4.9,9.4,.519,.554,6.7,7.2,.928,0.5,3.7,4.2,7.5,0.9,0.3,3.0,1.5,28.8
2021-22,Damian Lillard,31,POR,NBA,PG,29,29,36.4,7.7,19.0,.402,3.2,9.8,.324,4.5,9.2,.485,.486,5.5,6.2,.878,0.4,3.7,4.1,7.3,0.6,0.4,2.9,1.3,24.0
2022-23,Damian Lillard,32,POR,NBA,PG,58,58,36.3,9.6,20.7,.463,4.2,11.3,.371,5.4,9.4,.574,.564,8.8,9.6,.914,0.8,4.0,4.8,7.3,0.9,0.3,3.3,1.9,32.2
2013-14,Rudy Gobert,21,UTA,NBA,C,45,0,9.6,0.8,1.6,.486,0.0,0.0,,0.8,1.6,.486,.486,0.7,1.4,.492,1.1,2.3,3.4,0.2,0.2,0.9,0.7,1.3,2.3
2014-15,Rudy Gobert,22,UTA,NBA,C,82,37,26.3,3.1,5.2,.604,0.0,0.0,.000,3.1,5.2,.607,.604,2.1,3.3,.623,3.2,6.2,9.5,1.3,0.8,2.3,1.4,2.1,8.4
2015-16,Rudy Gobert,23,UTA,NBA,C,61,60,31.7,3.2,5.8,.559,0.0,0.0,,3.2,5.8,.559,.559,2.6,4.6,.569,3.4,7.5,11.0,1.5,0.7,2.2,1.9,2.7,9.1
2016-17,Rudy Gobert,24,UTA,NBA,C,81,81,33.9,5.1,7.7,.661,0.0,0.0,.000,5.1,7.7,.662,.661,3.8,5.9,.653,3.9,8.9,12.8,1.2,0.6,2.6,1.8,3.0,14.0
2017-18,Rudy Gobert,25,UTA,NBA,C,56,56,32.4,4.9,7.9,.622,0.0,0.0,,4.9,7.9,.622,.622,3.6,5.3,.682,2.9,7.8,10.7,1.4,0.8,2.3,1.9,2.7,13.5
2018-19,Rudy Gobert,26,UTA,NBA,C,81,80,31.8,5.9,8.8,.669,0.0,0.0,,5.9,8.8,.669,.669,4.1,6.4,.636,3.8,9.0,12.9,2.0,0.8,2.3,1.6,2.9,15.9
2019-20,Rudy Gobert,27,UTA,NBA,C,68,68,34.3,5.7,8.2,.693,0.0,0.0,,5.7,8.2,.693,.693,3.7,5.9,.630,3.4,10.1,13.5,1.5,0.8,2.0,1.9,3.2,15.1
2020-21,Rudy Gobert,28,UTA,NBA,C,71,71,30.8,5.5,8.2,.675,0.0,0.1,.000,5.5,8.1,.680,.675,3.3,5.3,.623,3.4,10.1,13.5,1.3,0.6,2.7,1.7,2.3,14.3
2021-22,Rudy Gobert,29,UTA,NBA,C,66,66,32.1,5.5,7.7,.713,0.0,0.1,.000,5.5,7.6,.718,.713,4.6,6.7,.690,3.7,11.0,14.7,1.1,0.7,2.1,1.8,2.7,15.6
2022-23,Rudy Gobert,30,MIN,NBA,C,70,70,30.7,5.1,7.8,.659,0.0,0.0,.000,5.1,7.8,.663,.659,3.1,4.9,.644,3.3,8.3,11.6,1.2,0.8,1.4,1.7,3.0,13.4
2010-11,Paul George,20,IND,NBA,SG,61,19,20.7,2.9,6.5,.453,0.7,2.3,.297,2.3,4.2,.537,.505,1.3,1.7,.762,0.6,3.1,3.7,1.1,1.0,0.4,1.1,2.1,7.8
2011-12,Paul George,21,IND,NBA,SG,66,66,29.7,4.3,9.7,.440,1.4,3.5,.385,2.9,6.1,.472,.510,2.2,2.8,.802,0.8,4.8,5.6,2.4,1.6,0.6,1.8,2.9,12.1
2012-13,Paul George,22,IND,NBA,SF,79,79,37.6,6.2,14.9,.419,2.2,5.9,.362,4.1,8.9,.457,.491,2.8,3.5,.807,1.1,6.5,7.6,4.1,1.8,0.6,2.9,2.9,17.4
2013-14,Paul George,23,IND,NBA,SF,80,80,36.2,7.2,17.0,.424,2.3,6.3,.364,4.9,10.8,.458,.490,5.0,5.8,.864,0.8,6.0,6.8,3.5,1.9,0.3,2.8,2.5,21.7
2014-15,Paul George,24,IND,NBA,SF,6,0,15.2,3.0,8.2,.367,1.5,3.7,.409,1.5,4.5,.333,.459,1.3,1.8,.727,0.7,3.0,3.7,1.0,0.8,0.2,2.0,1.8,8.8
2015-16,Paul George,25,IND,NBA,SF,81,81,34.8,7.5,17.9,.418,2.6,7.0,.371,4.9,10.9,.447,.490,5.6,6.5,.860,1.0,6.0,7.0,4.1,1.9,0.4,3.3,2.8,23.1
2016-17,Paul George,26,IND,NBA,SF,75,75,35.9,8.3,18.0,.461,2.6,6.6,.393,5.7,11.4,.501,.534,4.5,5.0,.898,0.8,5.8,6.6,3.3,1.6,0.4,2.9,2.7,23.7
2017-18,Paul George,27,OKC,NBA,SF,79,79,36.6,7.3,17.0,.430,3.1,7.7,.401,4.2,9.3,.454,.521,4.3,5.2,.822,0.9,4.7,5.7,3.3,2.0,0.5,2.7,2.9,21.9
2018-19,Paul George,28,OKC,NBA,SF,77,77,36.9,9.2,21.0,.438,3.8,9.8,.386,5.4,11.1,.484,.529,5.9,7.0,.839,1.4,6.8,8.2,4.1,2.2,0.4,2.7,2.8,28.0
2019-20,Paul George,29,LAC,NBA,SF,48,48,29.6,7.1,16.3,.439,3.3,7.9,.412,3.9,8.4,.464,.539,4.0,4.5,.876,0.5,5.2,5.7,3.9,1.4,0.4,2.6,2.4,21.5
2020-21,Paul George,30,LAC,NBA,SF,54,54,33.7,8.2,17.6,.467,3.2,7.7,.411,5.1,9.9,.510,.557,3.7,4.2,.868,0.8,5.8,6.6,5.2,1.1,0.4,3.3,2.4,23.3
2021-22,Paul George,31,LAC,NBA,PF,31,31,34.7,8.6,20.5,.421,2.9,8.3,.354,5.7,12.2,.467,.493,4.1,4.8,.858,0.4,6.5,6.9,5.7,2.2,0.4,4.1,2.4,24.3
2022-23,Paul George,32,LAC,NBA,SF,56,56,34.6,8.2,17.9,.457,2.8,7.6,.371,5.4,10.3,.521,.536,4.6,5.3,.871,0.8,5.3,6.1,5.1,1.5,0.4,3.1,2.8,23.8
2012-13,Anthony Davis,19,NOH,NBA,PF,64,60,28.8,5.5,10.6,.516,0.0,0.1,.000,5.5,10.5,.521,.516,2.6,3.5,.751,2.6,5.6,8.2,1.0,1.2,1.8,1.4,2.5,13.5
2013-14,Anthony Davis,20,NOP,NBA,PF,67,66,35.2,7.8,15.0,.519,0.0,0.1,.222,7.8,14.9,.522,.520,5.2,6.6,.791,3.1,7.0,10.0,1.6,1.3,2.8,1.6,3.0,20.8
2014-15,Anthony Davis,21,NOP,NBA,PF,68,68,36.1,9.4,17.6,.535,0.0,0.2,.083,9.4,17.5,.540,.536,5.5,6.8,.805,2.5,7.7,10.2,2.2,1.5,2.9,1.4,2.1,24.4
2015-16,Anthony Davis,22,NOP,NBA,C,61,61,35.5,9.2,18.6,.493,0.6,1.8,.324,8.6,16.9,.511,.508,5.3,7.0,.758,2.1,8.1,10.3,1.9,1.3,2.0,2.0,2.4,24.3
2016-17,Anthony Davis,23,NOP,NBA,C,75,75,36.1,10.3,20.3,.505,0.5,1.8,.299,9.7,18.6,.524,.518,6.9,8.6,.802,2.3,9.5,11.8,2.1,1.3,2.2,2.4,2.2,28.0
2017-18,Anthony Davis,24,NOP,NBA,PF,75,75,36.4,10.4,19.5,.534,0.7,2.2,.340,9.7,17.3,.558,.552,6.6,8.0,.828,2.5,8.6,11.1,2.3,1.5,2.6,2.2,2.1,28.1
2018-19,Anthony Davis,25,NOP,NBA,C,56,56,33.0,9.5,18.3,.517,0.9,2.6,.331,8.6,15.7,.547,.540,6.1,7.7,.794,3.1,8.9,12.0,3.9,1.6,2.4,2.0,2.4,25.9
2019-20,Anthony Davis,26,LAL,NBA,PF,62,62,34.4,8.9,17.7,.503,1.2,3.5,.330,7.7,14.2,.546,.536,7.2,8.5,.846,2.3,7.0,9.3,3.2,1.5,2.3,2.5,2.5,26.1
2020-21,Anthony Davis,27,LAL,NBA,PF,36,36,32.3,8.4,17.0,.491,0.7,2.8,.260,7.6,14.3,.536,.512,4.4,5.9,.738,1.7,6.2,7.9,3.1,1.3,1.6,2.1,1.7,21.8
2021-22,Anthony Davis,28,LAL,NBA,C,40,40,35.1,9.3,17.4,.532,0.3,1.8,.186,8.9,15.6,.571,.542,4.4,6.1,.713,2.7,7.2,9.9,3.1,1.2,2.3,2.1,2.4,23.2
2022-23,Anthony Davis,29,LAL,NBA,C,56,54,34.0,9.7,17.2,.563,0.3,1.3,.257,9.3,15.9,.589,.573,6.2,7.9,.784,3.5,9.1,12.5,2.6,1.1,2.0,2.2,2.6,25.9
2006-07,Kyle Lowry,20,MEM,NBA,PG,10,0,17.5,1.4,3.8,.368,0.3,0.8,.375,1.1,3.0,.367,.408,2.5,2.8,.893,1.2,1.9,3.1,3.2,1.4,0.1,1.2,2.0,5.6
2007-08,Kyle Lowry,21,MEM,NBA,PG,82,9,25.5,3.1,7.2,.432,0.4,1.7,.257,2.7,5.5,.487,.463,3.0,4.2,.698,0.5,2.5,3.0,3.6,1.1,0.3,1.5,2.3,9.6
2008-09,Kyle Lowry,22,TOT,NBA,PG,77,21,21.8,2.5,5.6,.435,0.3,1.3,.255,2.1,4.4,.488,.464,2.4,2.9,.801,0.3,2.1,2.5,3.6,0.9,0.2,1.5,1.9,7.6
2009-10,Kyle Lowry,23,HOU,NBA,PG,68,0,24.3,2.7,6.8,.397,0.5,2.0,.272,2.2,4.8,.448,.436,3.2,3.8,.827,1.3,2.3,3.6,4.5,0.9,0.1,1.7,2.5,9.1
2010-11,Kyle Lowry,24,HOU,NBA,PG,75,71,34.2,4.6,10.8,.426,1.7,4.6,.376,2.9,6.2,.464,.506,2.6,3.3,.765,1.2,2.9,4.1,6.7,1.4,0.3,2.1,2.8,13.5
2011-12,Kyle Lowry,25,HOU,NBA,PG,47,38,32.1,4.5,10.9,.409,1.7,4.5,.374,2.8,6.4,.434,.486,3.6,4.2,.864,0.8,3.7,4.5,6.6,1.6,0.3,2.8,2.8,14.3
2012-13,Kyle Lowry,26,TOR,NBA,PG,68,52,29.7,3.7,9.2,.401,1.5,4.1,.362,2.2,5.1,.433,.482,2.8,3.5,.795,0.8,3.9,4.7,6.4,1.4,0.4,2.3,3.2,11.6
2013-14,Kyle Lowry,27,TOR,NBA,PG,79,79,36.2,5.8,13.7,.423,2.4,6.3,.380,3.4,7.3,.460,.511,4.0,4.9,.813,1.1,3.6,4.7,7.4,1.5,0.2,2.5,3.4,17.9
2014-15,Kyle Lowry,28,TOR,NBA,PG,70,70,34.5,6.1,14.9,.412,1.9,5.6,.338,4.3,9.3,.457,.476,3.6,4.5,.808,0.8,3.9,4.7,6.8,1.6,0.2,2.5,3.0,17.8
2015-16,Kyle Lowry,29,TOR,NBA,PG,77,77,37.0,6.6,15.6,.427,2.8,7.1,.388,3.9,8.5,.461,.516,5.2,6.4,.811,0.7,4.0,4.7,6.4,2.1,0.4,2.9,2.7,21.2
2016-17,Kyle Lowry,30,TOR,NBA,PG,60,60,37.4,7.1,15.3,.464,3.2,7.8,.412,3.9,7.5,.518,.569,5.0,6.1,.819,0.8,4.0,4.8,7.0,1.5,0.3,2.9,2.8,22.4
2017-18,Kyle Lowry,31,TOR,NBA,PG,78,78,32.2,5.2,12.1,.427,3.1,7.6,.399,2.1,4.5,.474,.553,2.9,3.3,.854,0.8,4.7,5.6,6.9,1.1,0.2,2.3,2.5,16.2
2018-19,Kyle Lowry,32,TOR,NBA,PG,65,65,34.0,4.7,11.4,.411,2.4,7.0,.347,2.3,4.4,.514,.518,2.5,3.0,.830,0.6,4.2,4.8,8.7,1.4,0.5,2.8,2.6,14.2
2019-20,Kyle Lowry,33,TOR,NBA,PG,58,58,36.2,5.8,13.8,.416,2.8,8.0,.352,2.9,5.8,.504,.518,5.1,5.9,.857,0.6,4.5,5.0,7.5,1.4,0.4,3.1,3.3,19.4
2020-21,Kyle Lowry,34,TOR,NBA,PG,46,46,34.8,5.7,13.0,.436,2.8,7.2,.396,2.8,5.8,.487,.546,3.0,3.5,.875,0.8,4.6,5.4,7.3,1.0,0.3,2.7,3.1,17.2
2021-22,Kyle Lowry,35,MIA,NBA,PG,63,63,33.9,4.4,10.0,.440,2.3,6.1,.377,2.1,3.9,.539,.555,2.3,2.8,.851,0.5,4.0,4.5,7.5,1.1,0.3,2.7,2.8,13.4
2022-23,Kyle Lowry,36,MIA,NBA,PG,55,44,31.2,3.6,8.8,.404,1.9,5.6,.345,1.6,3.2,.509,.514,2.1,2.5,.859,0.8,3.3,4.1,5.1,1.0,0.4,1.9,2.6,11.2
2010-11,Blake Griffin,21,LAC,NBA,PF,82,82,38.0,8.5,16.8,.506,0.1,0.3,.292,8.4,16.5,.510,.508,5.4,8.5,.642,3.3,8.8,12.1,3.8,0.8,0.5,2.7,3.1,22.5
2011-12,Blake Griffin,22,LAC,NBA,PF,66,66,36.2,8.5,15.5,.549,0.0,0.2,.125,8.5,15.2,.556,.550,3.7,7.1,.521,3.3,7.6,10.9,3.2,0.8,0.7,2.3,3.3,20.7
2012-13,Blake Griffin,23,LAC,NBA,PF,80,80,32.5,7.2,13.4,.538,0.1,0.4,.179,7.2,13.1,.548,.541,3.5,5.3,.660,2.3,6.0,8.3,3.7,1.2,0.6,2.3,2.9,18.0
2013-14,Blake Griffin,24,LAC,NBA,PF,80,80,35.8,9.0,17.0,.528,0.2,0.6,.273,8.8,16.4,.537,.533,6.0,8.4,.715,2.4,7.1,9.5,3.9,1.2,0.6,2.8,3.3,24.1
2014-15,Blake Griffin,25,LAC,NBA,PF,67,67,35.2,8.6,17.1,.502,0.1,0.4,.400,8.4,16.7,.504,.506,4.6,6.4,.728,1.9,5.7,7.6,5.3,0.9,0.5,2.3,2.9,21.9
2015-16,Blake Griffin,26,LAC,NBA,PF,35,35,33.4,8.6,17.2,.499,0.2,0.5,.333,8.4,16.7,.504,.504,4.0,5.5,.727,1.5,6.9,8.4,4.9,0.8,0.5,2.4,2.7,21.4
2016-17,Blake Griffin,27,LAC,NBA,PF,61,61,34.0,7.9,15.9,.493,0.6,1.9,.336,7.2,14.1,.514,.513,5.2,6.9,.760,1.8,6.3,8.1,4.9,0.9,0.4,2.3,2.6,21.6
2017-18,Blake Griffin,28,TOT,NBA,PF,58,58,34.0,7.5,17.2,.438,1.9,5.6,.345,5.6,11.6,.482,.493,4.5,5.7,.785,1.3,6.1,7.4,5.8,0.7,0.3,2.8,2.4,21.4
2018-19,Blake Griffin,29,DET,NBA,PF,75,75,35.0,8.3,17.9,.462,2.5,7.0,.362,5.7,10.9,.525,.532,5.5,7.3,.753,1.3,6.2,7.5,5.4,0.7,0.4,3.4,2.7,24.5
2019-20,Blake Griffin,30,DET,NBA,PF,18,18,28.4,4.9,13.9,.352,1.5,6.2,.243,3.4,7.7,.439,.406,4.2,5.4,.776,0.9,3.7,4.7,3.3,0.4,0.4,2.2,1.5,15.5
2020-21,Blake Griffin,31,TOT,NBA,PF,46,30,25.8,3.8,8.9,.423,1.5,4.5,.341,2.3,4.5,.505,.509,1.9,2.5,.744,0.8,4.1,4.9,3.0,0.7,0.3,1.3,2.4,11.0
2021-22,Blake Griffin,32,BRK,NBA,C,56,24,17.1,2.4,5.6,.425,0.7,2.6,.262,1.7,3.0,.565,.486,1.0,1.4,.724,1.1,3.0,4.1,1.9,0.5,0.3,0.6,1.7,6.4
2022-23,Blake Griffin,33,BOS,NBA,C,41,16,13.9,1.5,3.2,.485,0.6,1.6,.348,1.0,1.6,.625,.573,0.5,0.8,.656,1.1,2.6,3.8,1.5,0.3,0.2,0.5,1.8,4.1
2005-06,Chris Paul,20,NOK,NBA,PG,78,78,36.0,5.2,12.1,.430,0.6,2.3,.282,4.6,9.9,.464,.456,5.1,6.0,.847,0.8,4.3,5.1,7.8,2.2,0.1,2.3,2.8,16.1
2006-07,Chris Paul,21,NOK,NBA,PG,64,64,36.8,6.0,13.6,.437,0.8,2.2,.350,5.2,11.4,.455,.466,4.6,5.6,.818,0.8,3.5,4.4,8.9,1.8,0.0,2.5,2.4,17.3
2007-08,Chris Paul,22,NOH,NBA,PG,80,80,37.6,7.9,16.1,.488,1.2,3.1,.369,6.7,13.0,.516,.524,4.2,4.9,.851,0.8,3.2,4.0,11.6,2.7,0.1,2.5,2.3,21.1
2008-09,Chris Paul,23,NOH,NBA,PG,78,78,38.5,8.1,16.1,.503,0.8,2.3,.364,7.3,13.8,.525,.528,5.8,6.7,.868,0.9,4.7,5.5,11.0,2.8,0.1,3.0,2.7,22.8
2009-10,Chris Paul,24,NOH,NBA,PG,45,45,38.0,7.0,14.2,.493,1.2,2.8,.409,5.8,11.3,.514,.534,3.6,4.2,.847,0.4,3.8,4.2,10.7,2.1,0.2,2.5,2.6,18.7
2010-11,Chris Paul,25,NOH,NBA,PG,80,80,36.0,5.4,11.6,.463,0.9,2.3,.388,4.5,9.3,.482,.502,4.2,4.8,.878,0.5,3.6,4.1,9.8,2.4,0.1,2.2,2.5,15.9
2011-12,Chris Paul,26,LAC,NBA,PG,60,60,36.4,7.1,14.8,.478,1.3,3.6,.371,5.8,11.3,.511,.522,4.3,5.0,.861,0.7,2.9,3.6,9.1,2.5,0.1,2.1,2.3,19.8
2012-13,Chris Paul,27,LAC,NBA,PG,70,70,33.4,5.9,12.2,.481,1.1,3.3,.328,4.8,8.9,.538,.526,4.1,4.6,.885,0.8,3.0,3.7,9.7,2.4,0.1,2.3,2.0,16.9
2013-14,Chris Paul,28,LAC,NBA,PG,62,62,35.0,6.5,14.0,.467,1.3,3.4,.368,5.3,10.6,.498,.511,4.8,5.6,.855,0.6,3.7,4.3,10.7,2.5,0.1,2.3,2.5,19.1
2014-15,Chris Paul,29,LAC,NBA,PG,82,82,34.8,6.9,14.3,.485,1.7,4.3,.398,5.2,10.0,.523,.545,3.5,3.9,.900,0.6,4.0,4.6,10.2,1.9,0.2,2.3,2.5,19.1
2015-16,Chris Paul,30,LAC,NBA,PG,74,74,32.7,7.0,15.1,.462,1.6,4.4,.371,5.3,10.6,.501,.517,4.0,4.4,.896,0.5,3.7,4.2,10.0,2.1,0.2,2.6,2.5,19.5
2016-17,Chris Paul,31,LAC,NBA,PG,61,61,31.5,6.1,12.9,.476,2.0,5.0,.411,4.1,7.9,.518,.555,3.8,4.3,.892,0.7,4.3,5.0,9.2,2.0,0.1,2.4,2.4,18.1
2017-18,Chris Paul,32,HOU,NBA,PG,58,58,31.8,6.3,13.8,.460,2.5,6.5,.380,3.8,7.2,.532,.550,3.5,3.8,.919,0.6,4.8,5.4,7.9,1.7,0.2,2.2,2.4,18.6
2018-19,Chris Paul,33,HOU,NBA,PG,58,58,32.0,5.2,12.4,.419,2.2,6.1,.358,3.0,6.3,.479,.508,3.0,3.5,.862,0.6,3.9,4.6,8.2,2.0,0.3,2.6,2.5,15.6
2019-20,Chris Paul,34,OKC,NBA,PG,70,70,31.5,6.2,12.7,.489,1.6,4.3,.365,4.6,8.3,.554,.552,3.6,4.0,.907,0.4,4.6,5.0,6.7,1.6,0.2,2.3,2.3,17.6
2020-21,Chris Paul,35,PHO,NBA,PG,70,70,31.4,6.3,12.6,.499,1.5,3.7,.395,4.8,8.9,.543,.557,2.4,2.6,.934,0.4,4.1,4.5,8.9,1.4,0.3,2.2,2.4,16.4
2021-22,Chris Paul,36,PHO,NBA,PG,65,65,32.9,5.6,11.3,.493,1.0,3.1,.317,4.6,8.3,.559,.536,2.6,3.1,.837,0.3,4.0,4.4,10.8,1.9,0.3,2.4,2.1,14.7
2022-23,Chris Paul,37,PHO,NBA,PG,59,59,32.0,5.0,11.3,.440,1.7,4.4,.375,3.3,6.9,.482,.513,2.3,2.7,.831,0.5,3.8,4.3,8.9,1.5,0.4,1.9,2.1,13.9
2015-16,Devin Booker,19,PHO,NBA,SG,76,51,27.7,4.8,11.4,.423,1.3,3.8,.343,3.5,7.6,.464,.480,2.8,3.4,.840,0.4,2.1,2.5,2.6,0.6,0.3,2.1,3.0,13.8
2016-17,Devin Booker,20,PHO,NBA,SG,78,78,35.0,7.8,18.3,.423,1.9,5.2,.363,5.9,13.2,.447,.475,4.7,5.7,.832,0.6,2.6,3.2,3.4,0.9,0.3,3.1,3.1,22.1
2017-18,Devin Booker,21,PHO,NBA,SG,54,54,34.5,8.4,19.5,.432,2.7,7.1,.383,5.7,12.4,.460,.501,5.4,6.1,.878,0.5,4.0,4.5,4.7,0.9,0.3,3.6,3.1,24.9
2018-19,Devin Booker,22,PHO,NBA,SG,64,64,35.0,9.2,19.6,.467,2.1,6.5,.326,7.0,13.1,.536,.521,6.1,7.1,.866,0.6,3.5,4.1,6.8,0.9,0.2,4.1,3.1,26.6
2019-20,Devin Booker,23,PHO,NBA,SG,70,70,35.9,9.0,18.3,.489,2.0,5.7,.354,6.9,12.6,.549,.544,6.7,7.3,.919,0.4,3.8,4.2,6.5,0.7,0.3,3.8,3.0,26.6
2020-21,Devin Booker,24,PHO,NBA,SG,67,67,33.9,9.3,19.2,.484,1.9,5.5,.340,7.4,13.7,.543,.533,5.1,5.9,.867,0.5,3.7,4.2,4.3,0.8,0.2,3.1,2.7,25.6
2021-22,Devin Booker,25,PHO,NBA,SG,68,68,34.5,9.7,20.9,.466,2.7,7.0,.383,7.0,13.9,.508,.530,4.6,5.3,.868,0.7,4.4,5.0,4.8,1.1,0.4,2.4,2.6,26.8
2022-23,Devin Booker,26,PHO,NBA,SG,53,53,34.6,9.9,20.1,.494,2.1,6.0,.351,7.8,14.2,.554,.546,5.8,6.8,.855,0.9,3.7,4.5,5.5,1.0,0.3,2.7,3.0,27.8
